{
  "招商银行": {
    "value": 31781,
    "count": 600,
    "pre": 52.968333333333334
  },
  "中国平安": {
    "value": 21096,
    "count": 400,
    "pre": 52.74
  },
  "海螺水泥": {
    "value": 9766.010000000002,
    "count": 300,
    "pre": 32.553366666666676
  },
  "三一重工": {
    "value": 10345,
    "count": 300,
    "pre": 34.483333333333334
  },
  "美的集团": {
    "value": 22163.01000000001,
    "count": 200,
    "pre": 110.81505000000004
  },
  "上港集团": {
    "value": 11709,
    "count": 1900,
    "pre": 6.1626315789473685
  },
  "厦门国贸": {
    "value": 11435,
    "count": 1500,
    "pre": 7.623333333333333
  },
  "陕西煤业": {
    "value": 3641,
    "count": 300,
    "pre": 12.136666666666667
  },
  "太钢不锈": {
    "value": 10964,
    "count": 2000,
    "pre": 5.482
  },
  "特变电工": {
    "value": 10078,
    "count": 400,
    "pre": 25.195
  },
  "长江电力": {
    "value": 6985,
    "count": 300,
    "pre": 23.283333333333335
  },
  "伊利股份": {
    "value": 15010,
    "count": 400,
    "pre": 37.525
  },
  "紫金矿业": {
    "value": 5256,
    "count": 600,
    "pre": 8.76
  },
  "HS300ETF": {
    "value": 4970,
    "count": 2500,
    "pre": 1.988
  }
}