{
  "新天然气": {
    "count": 248264.4400000001
  },
  "上汽集团": {
    "count": 413
  },
  "招商银行": {
    "count": -31781
  },
  "格力电器": {
    "count": -511
  },
  "中国平安": {
    "count": -21096
  },
  "云南白药": {
    "count": -80
  },
  "海螺水泥": {
    "count": -9766.010000000002
  },
  "三一重工": {
    "count": -10345
  },
  "中远海控": {
    "count": -69
  },
  "万华化学": {
    "count": 752
  },
  "智飞生物": {
    "count": 40.00000000000546
  },
  "美的集团": {
    "count": -22163.01000000001
  },
  "中国卫通": {
    "count": -205
  },
  "东方雨虹": {
    "count": -207
  },
  "山东玻纤": {
    "count": 6.999999999998181
  },
  "广汽集团": {
    "count": 30.00000000000182
  },
  "恒力石化": {
    "count": -1257.0200000000023
  },
  "万 科Ａ": {
    "count": 32
  },
  "上港集团": {
    "count": -11709
  },
  "广发300": {
    "count": 109.40000000000055
  },
  "上50ETF": {
    "count": 171.60000000000036
  },
  "长春高新": {
    "count": -19763
  },
  "苏 泊 尔": {
    "count": -171
  },
  "医药ETF": {
    "count": -380
  },
  "医疗ETF": {
    "count": -40.399999999999636
  },
  "药明康德": {
    "count": -266.20000000000437
  },
  "绝味食品": {
    "count": -45
  },
  "中航沈飞": {
    "count": -702
  },
  "隆基股份": {
    "count": -554
  },
  "友讯达": {
    "count": 28
  },
  "上机数控": {
    "count": -395
  },
  "中国中免": {
    "count": -3483
  },
  "通威股份": {
    "count": -1416
  },
  "科华生物": {
    "count": 120
  },
  "厦门国贸": {
    "count": -11435
  },
  "韶钢松山": {
    "count": -872
  },
  "三湘印象": {
    "count": 583
  },
  "兖矿能源": {
    "count": 93
  },
  "陕西煤业": {
    "count": -3641
  },
  "九安医疗": {
    "count": -958.0000000000018
  },
  "中储股份": {
    "count": -56
  },
  "保利发展": {
    "count": -69.99999999999955
  },
  "太钢不锈": {
    "count": -10964
  },
  "特变电工": {
    "count": -10078
  },
  "中国神华": {
    "count": 248
  },
  "长江电力": {
    "count": -6985
  },
  "广东鸿图": {
    "count": 22
  },
  "长安汽车": {
    "count": -189
  },
  "伊利股份": {
    "count": -15010
  },
  "紫金矿业": {
    "count": -5256
  },
  "攀钢钒钛": {
    "count": -384
  },
  "HS300ETF": {
    "count": -4970
  },
  "苏租转债": {
    "count": 1173.1
  },
  "N中银转": {
    "count": 1060.9
  },
  "美锦转债": {
    "count": 1120.52
  }
}