{
  "招商银行": {
    "value": 31781,
    "count": 600
  },
  "中国平安": {
    "value": 21096,
    "count":400
  },
  "海螺水泥": {
    "value": 9766.010000000002,
    "count":300
  },
  "三一重工": {
    "value": 10345,
    "count":300
  },
  "美的集团": {
    "value": 22163.01000000001,
    "count":200
  },
  "上港集团": {
    "value": 11709,
    "count":1900
  },
  "厦门国贸": {
    "value": 11435,
    "count":1500
  },
  "陕西煤业": {
    "value": 3641,
    "count":300
  },
  "太钢不锈": {
    "value": 10964,
    "count":2000
  },
  "特变电工": {
    "value": 10078,
    "count":400
  },
  "长江电力": {
    "value": 6985,
    "count":300
  },
  "伊利股份": {
    "value": 15010,
    "count":400
  },
  "紫金矿业": {
    "value": 5256,
    "count":600
  },
  "HS300ETF": {
    "value": 4970,
    "count":2500
  }
}
